{"m1": 1.4098060131072998, "m2": 1.2399098873138428, "reason": "it works because.."}