{"default": {"n_partition": 1, "n_items": [30], "exe_time": 0.21656513214111328}, "customized": {"n_partition": 2, "n_items": [13, 17], "exe_time": 0.10490298271179199}}